Customer_ID,Purchase_History,Transaction_Frequency,Monetary_Value,Browsing_Behavior,Engagement_Score,Time_on_Site,Customer_Segment
CUST0001,23,0.2576561474802323,664.09,88.1,0.26,11.84,Iron
CUST0002,15,0.3784791202912624,4244.21,5.87,0.28,35.04,Copp
CUST0003,21,2.5781296560804385,4638.47,23.88,0.93,10.14,Copp
CUST0004,25,1.749848046900245,7277.56,89.84,0.02,22.02,Iron
CUST0005,15,1.3223304586627975,5785.45,26.36,0.7,42.12,Copp
CUST0006,17,1.649500892277558,6705.4,22.84,0.73,34.05,Copp
CUST0007,19,8.13502515578358,7792.79,14.67,0.84,23.8,Copp
CUST0008,21,13.24146297271714,8635.81,86.05,0.97,25.79,Copp
CUST0009,17,2.596832420887668,3207.37,50.51,0.98,34.16,Copp
CUST0010,19,11.82821034121445,5426.42,67.81,0.07,1.35,Iron
CUST0011,16,1.9393223202862477,8417.07,24.67,0.82,5.63,Copp
CUST0012,21,3.235489429947621,9895.57,76.05,0.65,52.99,Copp
CUST0013,21,1.2811043548639431,8906.24,76.24,0.65,5.59,Copp
CUST0014,17,5.114872309857724,3777.53,31.95,0.13,42.7,Iron
CUST0015,22,19.31166983988161,2032.15,41.66,0.65,55.28,Copp
CUST0016,14,4.62530912905048,4944.99,21.76,0.98,16.97,Copp
CUST0017,17,2.214387143033421,7442.25,97.68,0.91,22.86,Copp
CUST0018,17,5.218028092377419,4976.43,64.91,0.44,34.57,Copp
CUST0019,21,0.6557892212615534,4883.49,93.52,0.04,53.02,Iron
CUST0020,21,10.975792178331531,8398.48,31.04,0.36,56.57,Copp
CUST0021,13,3.496670911016173,3677.9,78.41,0.83,44.63,Copp
CUST0022,18,2.983277059530509,8611.97,76.82,0.7,6.11,Copp
CUST0023,25,4.407813802699802,4127.37,69.47,0.46,40.48,Copp
CUST0024,17,4.901265265759135,3349.51,96.6,0.06,25.21,Iron
CUST0025,24,0.37240993627832486,4594.5,39.96,0.43,28.77,Copp
CUST0026,23,5.7382336476219,7648.22,13.94,0.47,3.9,Copp
CUST0027,24,1.3849088294575522,1347.42,67.5,0.93,12.27,Iron
CUST0028,18,6.2579893063476675,2044.55,73.2,0.64,47.64,Copp
CUST0029,26,8.644903569908596,9519.3,57.93,0.31,27.78,Copp
CUST0030,18,8.147144729977397,1837.37,21.47,0.53,18.8,Copp
CUST0031,17,4.020404515374513,5720.5,50.94,0.07,23.66,Iron
CUST0032,23,3.671615900233151,5835.21,31.91,0.97,51.41,Copp
CUST0033,26,0.7708631748212545,4947.28,43.32,0.36,45.19,Copp
CUST0034,14,7.465972538187141,6482.98,64.88,0.48,17.07,Copp
CUST0035,24,1.5832163455430326,2375.28,74.78,0.36,7.93,Copp
CUST0036,24,3.432798854498613,5571.36,23.99,0.68,15.87,Copp
CUST0037,20,1.6722899833187106,3784.52,41.13,0.66,55.32,Copp
CUST0038,17,0.718360974536481,6650.51,27.65,0.72,35.31,Copp
CUST0039,27,4.965287867379612,1498.11,20.66,0.27,32.48,Iron
CUST0040,19,0.27931879862958187,5751.69,78.56,0.32,36.19,Copp
CUST0041,16,6.904449639590402,1934.18,91.02,0.13,22.6,Iron
CUST0042,17,1.9105996627694828,2858.57,37.65,0.66,48.62,Copp
CUST0043,28,0.0006735103820133685,2265.23,75.38,0.04,31.87,Iron
CUST0044,24,3.5782845640222263,1910.09,89.8,0.6,7.89,Copp
CUST0045,27,0.23992496180626088,8274.54,84.77,0.87,8.61,Copp
CUST0046,17,1.6159905495488984,2928.5,19.1,0.89,32.67,Copp
CUST0047,16,6.137512127966616,9278.53,95.67,0.45,56.26,Copp
CUST0048,19,0.32370402329413395,9702.27,38.29,0.46,19.19,Copp
CUST0049,14,9.142277821073932,5755.48,34.58,0.08,52.3,Iron
CUST0050,29,0.019136185981980285,1515.71,7.18,0.67,46.08,Copp
CUST0051,20,1.4172808654574776,3808.03,49.13,0.82,15.62,Copp
CUST0052,32,6.752784231555521,7997.55,11.79,0.24,3.14,Copp
CUST0053,20,1.9009619755987486,3737.17,25.61,0.42,7.01,Copp
CUST0054,17,0.5373269137189676,961.47,32.38,0.84,43.98,Iron
CUST0055,21,2.23326333782404,5612.17,81.07,0.88,12.78,Copp
CUST0056,10,1.5762481924437801,8466.7,87.67,0.24,22.9,Copp
CUST0057,27,9.248380685685145,7979.67,30.94,0.55,30.6,Copp
CUST0058,14,1.8796377264691988,1833.72,86.01,0.19,43.8,Copp
CUST0059,22,7.777885788656754,6760.37,85.87,0.1,7.68,Iron
CUST0060,16,11.122204538520142,2282.99,76.7,0.91,24.98,Copp
CUST0061,18,2.8441933627164815,2260.25,15.52,0.82,29.62,Copp
CUST0062,22,12.036570365805982,8753.31,69.34,0.76,32.91,Copp
CUST0063,13,2.3685970527975804,2571.72,94.56,0.05,49.28,Iron
CUST0064,17,16.63208476084358,2706.15,68.57,0.84,11.13,Copp
CUST0065,22,0.46765120906180757,106.47,33.83,0.44,48.66,Iron
CUST0066,20,5.808068223299942,8719.62,50.56,0.34,41.88,Copp
CUST0067,22,3.404255841155766,7946.69,64.93,0.55,33.8,Copp
CUST0068,23,2.4522465688125656,6310.56,51.55,0.09,42.27,Iron
CUST0069,29,5.008043337026638,7527.63,12.88,0.76,25.31,Copp
CUST0070,18,6.084565713175621,1605.28,31.89,0.58,9.17,Copp
CUST0071,17,0.021864082458732063,4637.4,80.44,0.19,40.28,Copp
CUST0072,25,0.913326611856045,3577.07,86.28,0.19,31.96,Copp
CUST0073,20,6.242167656343332,1028.39,14.59,0.18,38.72,Iron
CUST0074,27,5.488844425837361,4912.69,95.29,0.06,20.94,Iron
CUST0075,18,16.913964705202705,9215.32,33.55,0.59,54.51,Copp
CUST0076,26,7.157249288783703,496.59,66.57,0.84,35.65,Iron
CUST0077,22,15.056535441884396,2985.46,75.43,0.02,6.04,Iron
CUST0078,21,6.062386014385437,2154.66,81.38,0.05,27.54,Iron
CUST0079,13,1.7694812450163242,2457.65,94.63,0.57,45.63,Copp
CUST0080,21,0.5566968910601795,9093.5,31.98,0.82,47.85,Copp
CUST0081,22,7.612262880572404,4733.88,85.99,0.33,30.18,Copp
CUST0082,23,5.166218987260125,4716.36,14.04,0.35,53.79,Copp
CUST0083,18,0.24692827225770997,7629.7,70.8,0.6,16.79,Copp
CUST0084,22,2.231829793538785,1629.47,74.46,0.27,25.23,Copp
CUST0085,22,15.709552562720573,4923.93,68.09,0.03,54.02,Iron
CUST0086,13,3.4697489699417523,4356.85,25.98,0.74,53.88,Copp
CUST0087,17,2.8345918753627455,6009.42,87.43,0.63,41.46,Copp
CUST0088,27,3.0596759852499944,9995.62,17.72,0.58,51.68,Copp
CUST0089,24,1.1715452962629789,7717.54,6.31,0.74,6.24,Copp
CUST0090,21,2.2999272627958507,4038.87,72.03,0.68,52.03,Copp
CUST0091,15,2.308695422260187,8292.78,48.07,0.21,19.92,Copp
CUST0092,17,0.26887670368048905,1790.01,85.06,0.35,11.52,Copp
CUST0093,22,7.295779858065249,401.59,38.96,0.13,15.12,Iron
CUST0094,27,2.693592113318849,2124.04,17.66,0.13,25.66,Iron
CUST0095,17,8.63491419891449,3470.07,83.81,0.68,15.82,Copp
CUST0096,25,9.497213438694287,5154.75,55.34,0.86,19.91,Copp
CUST0097,15,1.1912482217703124,6189.78,19.73,0.96,8.96,Copp
CUST0098,29,5.355279617356548,9115.0,72.32,0.63,18.47,Copp
CUST0099,21,3.195964288803716,5147.55,51.6,0.18,34.76,Copp
CUST0100,14,10.607852696511799,5062.63,60.83,0.11,27.07,Iron
CUST0101,26,1.2150777348314863,597.41,46.63,0.81,21.46,Iron
CUST0102,23,5.6631188919172235,445.62,83.04,0.58,45.04,Iron
CUST0103,18,4.679306489215451,5556.48,83.13,0.62,53.72,Copp
CUST0104,20,1.7499259769507949,4437.97,71.23,0.78,45.65,Copp
CUST0105,24,0.7343912124034377,8407.89,11.43,0.7,20.59,Copp
CUST0106,23,5.272590817927142,1690.73,84.05,0.83,44.92,Copp
CUST0107,26,6.7084687689273546,347.22,67.43,0.06,9.97,Iron
CUST0108,18,1.8962634533008838,4545.48,70.01,0.75,8.69,Copp
CUST0109,21,5.175830313402491,2451.04,36.94,0.85,21.39,Copp
CUST0110,19,2.5137161029068373,591.18,88.05,0.29,48.65,Iron
CUST0111,17,6.2449708541637525,7273.52,72.81,0.64,15.53,Copp
CUST0112,7,1.110815628530355,1204.77,12.15,0.31,4.73,Iron
CUST0113,25,11.046156976364959,6122.36,41.37,0.96,8.77,Copp
CUST0114,14,1.6942424636730937,2882.39,88.75,0.03,51.67,Iron
CUST0115,24,2.2926365759416947,1817.61,5.67,0.58,38.39,Copp
CUST0116,22,0.2992381142185304,3859.54,96.18,0.17,15.94,Copp
CUST0117,20,0.5911718817835567,8034.31,68.24,0.71,33.76,Copp
CUST0118,20,3.6269254399420303,3981.73,63.51,0.18,32.13,Copp
CUST0119,24,1.5570923361286229,7532.62,27.79,0.24,39.67,Copp
CUST0120,19,9.023622538735031,1342.31,25.63,0.49,14.76,Iron
CUST0121,25,0.07401202847220853,7750.44,94.26,0.91,52.0,Copp
CUST0122,19,2.3828782782735356,2445.64,30.53,0.21,19.25,Copp
CUST0123,15,2.057508056708215,6806.19,77.78,0.14,41.95,Iron
CUST0124,21,0.09758425834938557,5701.24,39.92,0.76,1.95,Copp
CUST0125,22,0.6640491165229435,9298.53,14.79,0.5,22.99,Copp
CUST0126,30,2.669129527378727,3934.49,2.06,0.91,21.75,Copp
CUST0127,21,3.39488609616996,755.04,54.88,0.15,33.07,Iron
CUST0128,19,2.5900044161986098,289.64,97.6,0.65,5.29,Iron
CUST0129,18,3.785098187566613,8285.9,37.54,0.23,47.62,Copp
CUST0130,10,4.520966939817584,5294.88,36.36,0.16,13.85,Copp
CUST0131,25,0.049866952290763586,7774.92,35.07,0.68,40.95,Copp
CUST0132,20,3.1189933498330946,2420.81,52.53,0.59,48.39,Copp
CUST0133,20,16.55211110504819,3516.33,44.63,0.75,34.15,Copp
CUST0134,15,3.6597756079241277,398.03,88.11,0.31,44.71,Iron
CUST0135,19,5.658916066119483,9618.77,51.05,0.45,40.05,Copp
CUST0136,22,1.8688428984494019,6711.89,51.27,0.41,21.98,Copp
CUST0137,18,7.435910653354988,9338.73,14.7,0.98,48.72,Copp
CUST0138,20,7.4122971324483995,2728.41,98.29,0.29,18.39,Copp
CUST0139,22,3.683364631013783,6153.49,25.75,0.29,34.7,Copp
CUST0140,12,18.651387922679223,6817.15,8.26,0.35,44.98,Copp
CUST0141,29,0.6708020364218745,3243.74,66.65,0.56,23.36,Copp
CUST0142,18,0.085464600292336,8496.28,59.94,0.25,18.86,Copp
CUST0143,19,7.351820419798914,9476.9,42.1,0.92,28.1,Copp
CUST0144,29,8.22935654032973,8860.07,42.8,0.27,49.26,Copp
CUST0145,15,0.6403444343923532,7416.76,78.72,0.9,55.87,Copp
CUST0146,13,1.5433903217401743,2846.9,20.38,0.1,33.16,Iron
CUST0147,13,0.08854116353232501,2888.0,82.21,0.66,40.03,Copp
CUST0148,12,1.735806079258283,9637.27,65.23,0.91,54.29,Copp
CUST0149,25,7.41715226064056,201.82,42.48,0.17,6.81,Iron
CUST0150,25,3.64864637786035,7188.89,46.34,0.97,14.69,Copp
CUST0151,14,2.139286715466708,7091.84,26.41,0.45,42.83,Copp
CUST0152,23,2.3240003157968268,6264.63,75.46,0.95,49.6,Copp
CUST0153,17,0.006772713471739074,9902.08,51.77,0.68,51.56,Copp
CUST0154,23,1.7819501195560352,3187.61,32.76,0.3,25.49,Copp
CUST0155,18,5.198775432802587,3465.72,60.01,0.19,6.27,Copp
CUST0156,18,18.285827271425898,881.5,99.58,0.3,26.83,Iron
CUST0157,26,9.388574993123456,4483.7,44.09,0.09,14.61,Iron
CUST0158,23,0.1193889170775825,2684.38,92.15,0.14,18.18,Iron
CUST0159,20,11.441468746111294,3499.53,35.16,0.1,46.56,Iron
CUST0160,18,7.643863453550762,8362.26,6.42,0.42,5.46,Copp
CUST0161,27,7.579194241744998,9361.3,21.22,0.8,49.83,Copp
CUST0162,30,3.0624072642822298,1938.76,42.45,0.14,26.23,Iron
CUST0163,22,2.5375331299759782,3787.84,22.74,0.13,36.17,Iron
CUST0164,17,1.804244849911565,9293.44,1.02,0.64,6.29,Copp
CUST0165,22,0.33976095317135435,711.9,91.59,0.2,20.9,Iron
CUST0166,24,1.2953782521651376,1014.37,84.54,0.1,6.29,Iron
CUST0167,13,1.4158190425046666,1711.63,74.49,0.17,57.73,Copp
CUST0168,11,3.308989422796835,5992.61,17.61,0.92,48.63,Copp
CUST0169,19,6.880619413033578,1589.68,12.92,0.82,28.12,Copp
CUST0170,18,3.2104629430782743,9683.96,7.69,0.35,14.19,Copp
CUST0171,22,0.29792445031242043,4522.47,72.68,0.66,56.07,Copp
CUST0172,12,15.825467021983783,5065.03,92.95,0.54,21.33,Copp
CUST0173,23,14.299395811760219,2541.92,43.62,0.68,10.5,Copp
CUST0174,18,7.689996178639589,4762.51,12.79,0.68,34.23,Copp
CUST0175,18,23.738222416799715,6652.94,51.73,0.63,56.68,Copp
CUST0176,24,3.931603883231449,7536.65,35.53,0.27,1.23,Copp
CUST0177,19,16.4529803989145,7563.29,38.11,0.04,15.05,Iron
CUST0178,13,0.39307926724584913,5821.12,62.51,0.46,56.37,Copp
CUST0179,11,2.276014498231384,9053.16,72.15,0.89,11.09,Copp
CUST0180,14,1.2769216469929554,8192.34,11.95,0.57,7.68,Copp
CUST0181,23,1.089742122761541,7594.78,4.52,0.83,34.64,Copp
CUST0182,32,0.758784936855425,650.49,99.44,0.99,51.85,Iron
CUST0183,17,4.8697798619599055,168.09,24.04,0.16,29.15,Iron
CUST0184,12,7.600771455615799,2203.23,6.33,0.69,59.68,Copp
CUST0185,22,4.3172866134791335,6668.88,19.8,0.67,41.07,Copp
CUST0186,19,0.7947600783391258,4170.86,4.86,0.98,5.37,Copp
CUST0187,21,8.333316729073271,4083.82,39.79,0.99,59.58,Copp
CUST0188,9,5.052384941086984,8857.41,80.44,0.69,25.07,Copp
CUST0189,19,2.4564689738889043,8966.07,34.78,0.24,17.96,Copp
CUST0190,17,5.60628828533534,9100.84,44.97,0.8,33.91,Copp
CUST0191,19,1.5048834729935856,3207.39,67.88,0.11,18.95,Iron
CUST0192,21,2.117067672469814,6941.45,51.38,0.78,6.1,Copp
CUST0193,23,12.473927009813524,2789.17,86.28,0.91,1.08,Copp
CUST0194,17,1.71600566445232,1987.04,86.74,0.38,27.53,Copp
CUST0195,22,3.174280685649471,1927.86,1.98,0.63,50.37,Copp
CUST0196,27,11.042794021308753,3486.87,78.03,0.43,34.77,Copp
CUST0197,30,6.150238259218661,4356.58,46.61,0.44,59.95,Copp
CUST0198,21,0.32111006237036377,8326.4,98.9,0.31,17.92,Copp
CUST0199,28,0.7967553170232788,1286.92,48.84,0.76,17.55,Iron
CUST0200,9,0.039362488619868075,7375.77,98.7,0.94,10.43,Copp
CUST0201,18,4.983733534007458,5361.4,75.7,0.94,10.68,Copp
CUST0202,21,2.9680789350511687,2950.66,25.61,0.17,17.83,Copp
CUST0203,25,0.7209390029505175,4978.91,54.3,0.87,47.78,Copp
CUST0204,19,15.842591716576111,3069.43,99.22,0.74,54.44,Copp
CUST0205,25,3.7714942731423133,6001.21,85.9,0.25,58.53,Copp
CUST0206,19,1.3846556515460238,4395.05,10.64,0.07,14.71,Iron
CUST0207,30,3.4717752602625778,1727.61,70.93,0.27,53.0,Copp
CUST0208,16,5.691242631366281,1254.17,35.21,0.91,20.37,Iron
CUST0209,22,0.39651067385025407,5512.29,1.69,0.63,7.66,Copp
CUST0210,14,1.6058758829254645,9033.89,40.94,0.72,52.33,Copp
CUST0211,20,8.22443151175426,3505.18,24.24,0.26,38.53,Copp
CUST0212,20,3.0778286077867363,7356.7,82.07,0.72,10.72,Copp
CUST0213,21,3.9546506380290176,6620.75,34.4,0.03,26.36,Iron
CUST0214,26,2.8353575840115566,9322.39,82.92,0.38,17.95,Copp
CUST0215,14,0.22446354450078515,8227.71,1.06,0.63,44.47,Copp
CUST0216,24,0.9061094871259683,5709.39,31.47,0.15,27.75,Iron
CUST0217,23,2.9488178371113802,6604.6,24.88,0.82,59.37,Copp
CUST0218,14,1.17345904124512,8994.03,24.12,0.24,4.23,Copp
CUST0219,18,0.2563560976806342,4055.24,7.75,0.65,21.95,Copp
CUST0220,18,9.278280231937154,3335.27,19.53,0.41,29.43,Copp
CUST0221,27,19.867505515976198,207.03,56.0,0.6,30.68,Iron
CUST0222,20,7.878634682838712,8282.86,29.84,0.11,19.64,Iron
CUST0223,19,9.613383011347391,8029.71,42.32,0.02,44.03,Iron
CUST0224,20,1.3852086135460566,1134.1,38.31,0.91,52.61,Iron
CUST0225,20,16.17337177429394,5810.89,87.71,0.27,56.38,Copp
CUST0226,22,1.096540234206891,4693.42,90.62,0.82,48.5,Copp
CUST0227,12,15.123726591010257,1275.22,49.8,1.0,51.18,Iron
CUST0228,14,26.314069659946476,9807.63,33.69,0.21,33.48,Copp
CUST0229,14,6.219163908423409,2225.49,11.57,0.27,49.73,Copp
CUST0230,15,19.85454944713223,765.62,95.39,0.66,18.91,Iron
CUST0231,27,4.214501812797032,5988.99,6.96,0.97,24.51,Copp
CUST0232,22,1.5024303624615976,7414.78,30.47,0.92,19.7,Copp
CUST0233,15,2.872341714964048,421.19,30.51,0.5,28.58,Iron
CUST0234,15,4.501606318808089,6621.3,32.72,0.8,17.85,Copp
CUST0235,15,0.3794485110692194,5369.69,17.26,0.14,57.74,Iron
CUST0236,14,4.868848016974755,1122.32,78.53,0.98,19.46,Iron
CUST0237,16,19.86360103937694,1807.99,13.13,0.96,6.78,Copp
CUST0238,20,1.0542697055766685,5722.95,63.86,0.16,32.08,Copp
CUST0239,22,7.865412180781225,3033.94,13.26,0.3,4.37,Copp
CUST0240,11,11.924336194756286,9389.33,7.98,0.1,7.52,Iron
CUST0241,24,14.38544517946248,8205.53,91.03,0.27,13.94,Copp
CUST0242,15,16.111358472240994,9837.32,19.82,0.82,28.4,Copp
CUST0243,18,3.685073610284772,2670.74,82.3,0.38,26.56,Copp
CUST0244,22,18.92869392429678,9700.26,54.92,0.09,48.18,Iron
CUST0245,19,7.079856118620867,4369.22,8.71,0.34,44.63,Copp
CUST0246,20,0.8817258724042814,3540.44,95.59,0.98,26.15,Copp
CUST0247,13,3.2399141606916015,598.46,25.45,0.63,20.69,Iron
CUST0248,20,6.33511639460626,622.38,86.1,0.42,19.67,Iron
CUST0249,17,1.4207104998989795,6950.91,17.71,0.17,46.67,Copp
CUST0250,16,5.116807762306764,4633.5,85.54,0.99,4.07,Copp
CUST0251,14,5.492068727594814,2342.56,2.31,0.82,1.76,Copp
CUST0252,21,0.887862718992548,6178.31,51.67,0.28,47.94,Copp
CUST0253,24,4.16302693854329,2603.3,77.17,0.07,29.15,Iron
CUST0254,13,7.38387316020698,5818.55,93.54,0.06,8.72,Iron
CUST0255,21,3.45470472579968,3656.17,91.01,0.12,14.9,Iron
CUST0256,19,0.060884779438501666,8253.17,82.14,0.58,56.02,Copp
CUST0257,17,0.045397819254521424,8224.89,88.93,0.93,51.71,Copp
CUST0258,22,2.2082809591005335,4825.77,20.72,0.5,42.88,Copp
CUST0259,21,13.03158088526201,3573.11,29.13,0.84,29.45,Copp
CUST0260,13,1.2982388548195847,3689.34,29.61,0.45,31.7,Copp
CUST0261,16,5.0305806252761,8076.57,38.33,0.71,58.54,Copp
CUST0262,15,1.2556313986525485,3348.98,39.94,0.73,57.98,Copp
CUST0263,12,1.9406068427327785,2169.69,54.91,0.17,13.7,Copp
CUST0264,13,9.420758508770627,938.41,16.83,0.36,48.86,Iron
CUST0265,25,6.525626528131986,4720.26,69.43,0.64,12.64,Copp
CUST0266,15,0.501308115183345,4873.11,17.59,0.07,13.6,Iron
CUST0267,28,2.799221753900893,8425.0,31.72,0.36,40.89,Copp
CUST0268,21,0.14801829901126068,2290.26,50.83,0.53,24.9,Copp
CUST0269,24,3.2781987731790285,3871.81,79.85,1.0,55.96,Copp
CUST0270,18,5.429971334477727,8103.22,74.21,0.47,6.25,Copp
CUST0271,20,0.630666267184792,8253.87,64.91,0.82,31.18,Copp
CUST0272,14,1.7046051616351723,3907.65,16.42,0.43,55.19,Copp
CUST0273,17,2.5361324214142518,4645.33,55.16,0.8,54.34,Copp
CUST0274,15,12.59941784148555,3102.53,9.66,0.6,10.24,Copp
CUST0275,20,24.994780379511752,9332.29,38.36,0.89,22.63,Copp
CUST0276,18,0.2297553109084137,1274.57,41.94,0.41,37.53,Iron
CUST0277,17,7.156624401502873,9344.12,4.94,0.6,10.4,Copp
CUST0278,16,2.323879121527445,6870.28,28.12,0.63,58.11,Copp
CUST0279,24,2.4916713844208656,5362.56,95.61,0.42,54.97,Copp
CUST0280,20,7.017507254976709,423.32,95.41,0.14,10.85,Iron
CUST0281,18,12.531249964185863,4808.4,35.88,0.09,8.15,Iron
CUST0282,14,15.07239393293603,4136.71,5.27,0.02,6.04,Iron
CUST0283,29,4.303364717227319,1696.07,18.73,0.87,54.66,Copp
CUST0284,21,2.20899500324707,6598.46,39.83,0.24,12.42,Copp
CUST0285,16,7.745221547885493,9714.39,94.83,0.21,25.56,Copp
CUST0286,15,1.445090711393864,5665.67,14.98,0.74,27.48,Copp
CUST0287,22,4.151414204758868,7176.06,76.59,0.32,36.34,Copp
CUST0288,18,2.2203420593832677,777.66,11.76,0.51,5.23,Iron
CUST0289,18,5.344749114938969,4234.9,98.14,0.16,14.38,Copp
CUST0290,19,1.3748093444425482,1251.95,38.78,0.96,55.96,Iron
CUST0291,19,1.063447836422213,6166.68,77.75,0.85,54.6,Copp
CUST0292,23,12.519779908948435,9390.97,34.92,0.86,47.1,Copp
CUST0293,18,0.5368330935189589,6651.6,63.14,0.41,2.14,Copp
CUST0294,27,3.5256727920490882,860.35,20.01,0.76,20.29,Iron
CUST0295,22,1.2477763444526255,3611.2,15.46,0.14,38.05,Iron
CUST0296,22,0.19853996856933326,5551.57,93.87,0.01,17.24,Iron
CUST0297,15,0.1834175280566355,4091.76,91.85,0.02,54.67,Iron
CUST0298,16,0.9632037172916342,8353.08,88.86,0.59,38.4,Copp
CUST0299,18,10.078404909353614,8165.24,62.92,0.46,5.24,Copp
CUST0300,14,1.6597635333402472,6157.13,81.02,0.52,54.63,Copp
CUST0301,24,15.024790562678799,3797.23,7.83,0.01,57.51,Iron
CUST0302,16,4.356853245869319,2627.83,34.14,0.42,5.59,Copp
CUST0303,23,2.8689530490754382,1148.16,32.06,0.72,32.41,Iron
CUST0304,23,4.338560505970516,3613.49,63.93,0.44,18.9,Copp
CUST0305,16,3.6355717949754327,4190.41,36.24,0.73,24.18,Copp
CUST0306,21,7.110151842746742,6790.65,15.7,0.23,11.6,Copp
CUST0307,19,1.6598842419936322,6615.78,60.05,0.81,35.11,Copp
CUST0308,15,2.1774343626131327,794.07,81.62,0.59,57.52,Iron
CUST0309,20,11.226031136902604,4013.07,38.83,0.21,30.68,Copp
CUST0310,28,14.636305584720752,1899.61,14.09,0.24,5.89,Copp
CUST0311,23,11.154031145986536,1652.45,20.47,0.63,37.58,Copp
CUST0312,21,2.71887946748747,8290.29,24.51,0.83,21.07,Copp
CUST0313,19,7.578952457757636,514.96,30.69,0.42,51.5,Iron
CUST0314,28,3.2345225620584084,4249.91,64.64,0.26,26.65,Copp
CUST0315,19,3.441194749736848,1765.22,60.49,0.87,12.38,Copp
CUST0316,26,1.1450543335802255,8805.37,69.91,0.67,12.28,Copp
CUST0317,21,4.471793817869971,5614.7,36.89,0.45,46.36,Copp
CUST0318,10,1.0298093873716538,2390.67,82.58,0.49,16.67,Copp
CUST0319,24,2.014078347864592,5074.03,21.2,0.2,46.27,Copp
CUST0320,18,9.656149226451774,7341.71,47.44,0.63,13.15,Copp
CUST0321,20,1.1601382995655154,9585.37,80.29,0.36,19.98,Copp
CUST0322,18,0.36908468501513136,2282.42,18.84,1.0,28.46,Copp
CUST0323,23,0.35752078534477316,8873.2,11.88,0.48,56.65,Copp
CUST0324,16,14.13286146641773,9349.61,88.48,0.49,55.97,Copp
CUST0325,14,3.5354236725789976,9172.56,34.95,0.57,13.21,Copp
CUST0326,20,2.6331837490083188,6390.6,68.7,0.92,22.13,Copp
CUST0327,27,8.326830208309165,6335.22,3.51,0.8,9.81,Copp
CUST0328,21,9.034139994404848,4091.79,69.31,0.45,31.09,Copp
CUST0329,14,2.018765620314438,7548.74,32.29,0.72,28.17,Copp
CUST0330,20,5.914613885831744,5359.81,6.52,0.59,54.14,Copp
CUST0331,16,7.37284866529631,6806.64,61.37,0.49,55.87,Copp
CUST0332,16,5.315994361736102,4341.73,24.84,0.19,23.63,Copp
CUST0333,21,0.8219862551402466,7341.81,39.29,0.46,30.01,Copp
CUST0334,24,10.43265641370974,8262.27,8.98,0.25,53.88,Copp
CUST0335,20,3.872811802854619,1549.72,15.57,0.91,48.6,Copp
CUST0336,19,1.6597195097022186,8346.0,30.5,0.34,1.22,Copp
CUST0337,15,2.7689108059388405,5448.94,9.89,0.95,19.88,Copp
CUST0338,18,0.19147537851351137,8462.19,91.17,0.53,25.88,Copp
CUST0339,22,0.68406557923332,4369.89,1.6,0.63,14.55,Copp
CUST0340,23,7.252495367560702,3852.5,48.9,0.54,12.77,Copp
CUST0341,16,5.817411525216162e-05,9159.1,13.2,0.13,3.23,Iron
CUST0342,24,2.6941182510663553,2586.58,31.46,0.38,38.96,Copp
CUST0343,22,3.6960622046693654,8457.7,92.68,0.1,16.49,Iron
CUST0344,13,0.2809178457824846,4891.8,17.01,0.62,4.09,Copp
CUST0345,25,18.074087681393877,5189.54,96.62,0.45,14.63,Copp
CUST0346,22,1.281726725915564,3153.84,21.37,0.78,48.31,Copp
CUST0347,17,1.813455880670851,5773.12,74.42,0.22,51.24,Copp
CUST0348,16,1.811615123619793,3319.59,55.12,0.16,29.5,Copp
CUST0349,15,1.3095301511269732,488.77,88.56,0.41,25.55,Iron
CUST0350,19,0.00737454615192529,2792.79,55.85,0.93,58.69,Copp
CUST0351,25,6.534547855373437,163.15,53.92,0.71,12.83,Iron
CUST0352,17,17.032884094513744,9785.71,20.35,0.42,13.71,Copp
CUST0353,21,1.269905152221055,9660.9,17.46,0.52,18.22,Copp
CUST0354,22,5.439061967302936,4012.04,91.73,0.08,11.19,Iron
CUST0355,21,6.77196970640312,7310.87,33.46,0.98,23.38,Copp
CUST0356,24,9.433386140185174,3523.48,37.84,0.67,54.74,Copp
CUST0357,26,2.746352896936128,6743.82,76.22,0.29,37.31,Copp
CUST0358,19,1.8043537102967462,8073.76,34.54,0.59,25.3,Copp
CUST0359,17,1.967399596573177,9472.89,95.25,0.11,56.13,Iron
CUST0360,22,6.234772679962116,4062.1,74.05,0.97,3.86,Copp
CUST0361,15,8.485323753150265,7854.65,60.15,0.17,13.41,Copp
CUST0362,14,1.002105658208199,2732.69,88.21,0.65,34.39,Copp
CUST0363,17,2.317651199833902,9904.29,5.91,0.25,37.32,Copp
CUST0364,22,11.610888745885164,355.12,26.45,0.72,3.33,Iron
CUST0365,16,8.217391843646855,6074.94,47.04,0.78,24.78,Copp
CUST0366,26,20.951547693411882,6629.11,23.47,0.67,39.3,Copp
CUST0367,21,7.017167191600205,6911.65,74.65,0.61,42.19,Copp
CUST0368,19,2.497740614418322,1291.84,92.0,0.89,38.65,Iron
CUST0369,20,4.46577511649979,9391.44,42.95,0.08,19.91,Iron
CUST0370,15,5.408986102064621,1893.71,34.87,0.33,6.52,Copp
CUST0371,12,0.4085227772741556,6265.26,96.19,0.25,26.2,Copp
CUST0372,16,3.9317644317620526,2304.49,45.04,0.99,8.6,Copp
CUST0373,17,6.177675616784138,3141.44,49.42,0.39,56.91,Copp
CUST0374,23,0.9155371515647235,5509.94,35.81,0.73,29.04,Copp
CUST0375,21,7.5850165298705585,4230.21,91.05,0.68,19.72,Copp
CUST0376,23,4.382619835734714,1686.23,57.33,0.21,46.21,Copp
CUST0377,21,15.20592755555257,1792.27,76.46,0.24,30.38,Copp
CUST0378,20,0.2167420526105625,4239.63,81.37,0.28,19.29,Copp
CUST0379,18,1.5416430140471902,7597.1,34.84,0.41,48.91,Copp
CUST0380,13,4.600914975811219,8989.85,43.94,0.23,52.16,Copp
CUST0381,23,1.758862845523176,932.86,85.0,0.02,40.71,Iron
CUST0382,23,6.266238300943795,3991.73,36.96,0.88,3.77,Copp
CUST0383,16,7.114901324549239,1092.43,79.6,0.97,34.41,Iron
CUST0384,24,0.5407997301929703,264.27,94.16,0.34,46.03,Iron
CUST0385,17,3.606236217725379,6651.01,62.7,0.34,9.05,Copp
CUST0386,18,3.5554413749490776,6064.25,74.42,0.01,14.49,Iron
CUST0387,28,2.304472380936284,1713.89,80.7,0.68,53.07,Copp
CUST0388,30,13.509709168835878,2414.75,84.66,0.83,2.19,Copp
CUST0389,15,8.78697340064041,334.71,40.11,0.15,45.41,Iron
CUST0390,26,5.973568708741899,8365.98,6.08,0.16,28.95,Copp
CUST0391,24,6.264531019127748,9749.44,40.79,0.79,27.36,Copp
CUST0392,16,3.096846221146379,1441.05,67.7,0.62,1.42,Iron
CUST0393,29,12.691190378560188,2391.6,45.58,0.04,49.34,Iron
CUST0394,15,5.9305895666710455,8697.25,75.15,0.62,22.23,Copp
CUST0395,27,6.527832886776416,9271.99,36.34,0.31,32.91,Copp
CUST0396,23,9.89132135435786,4254.31,63.84,0.37,40.96,Copp
CUST0397,29,1.6015193846438724,601.16,19.46,0.77,42.46,Iron
CUST0398,17,8.227162675622996,489.98,75.19,0.81,57.4,Iron
CUST0399,16,1.0860596594951664,5782.1,55.02,0.4,32.35,Copp
CUST0400,12,2.1182112208300725,3989.66,21.2,0.95,24.58,Copp
CUST0401,18,2.044433181351139,383.66,29.9,0.41,57.27,Iron
CUST0402,11,19.204438111263077,5874.2,75.11,0.77,38.88,Copp
CUST0403,20,9.708398381862212,211.9,48.78,0.48,18.59,Iron
CUST0404,17,6.03939982992444,7894.98,22.39,0.9,8.46,Copp
CUST0405,26,6.492457117101072,3133.68,96.76,0.91,50.71,Copp
CUST0406,16,4.128512898420655,498.55,71.8,0.09,22.37,Iron
CUST0407,26,14.695877652546008,5924.69,95.76,0.94,39.97,Copp
CUST0408,26,3.4284627066052793,4037.08,43.28,0.83,28.78,Copp
CUST0409,24,2.394355828410854,9740.62,48.03,0.79,12.74,Copp
CUST0410,20,0.8898671397007586,5487.57,89.9,0.2,36.5,Copp
CUST0411,24,7.7137035894156,2824.87,52.98,0.81,4.58,Copp
CUST0412,19,6.629646409861012,7123.44,71.02,0.85,25.39,Copp
CUST0413,16,2.4254242142454214,2787.77,25.97,0.29,33.25,Copp
CUST0414,18,0.1275810047719554,9052.01,45.23,0.95,26.73,Copp
CUST0415,17,9.131671580553208,3809.75,13.22,0.05,45.17,Iron
CUST0416,9,0.057418345521317776,5543.7,21.39,0.15,49.85,Iron
CUST0417,18,6.0819104033011895,600.67,1.09,0.54,46.5,Iron
CUST0418,24,17.57582578969906,4318.6,4.89,0.58,3.29,Copp
CUST0419,19,2.8782549581847943,8340.4,97.75,0.65,12.45,Copp
CUST0420,29,1.3392234052435346,8075.92,24.99,0.02,32.66,Iron
CUST0421,21,6.101713820598991,2320.75,66.67,0.96,56.15,Copp
CUST0422,29,8.494848005046627,2338.18,84.07,0.04,50.26,Iron
CUST0423,21,3.953031815944503,8191.32,55.52,0.14,50.71,Iron
CUST0424,16,17.061586182015414,9310.94,16.16,0.01,18.89,Iron
CUST0425,16,0.2652569402128082,1044.07,73.08,0.57,26.34,Iron
CUST0426,24,3.5139233446428686,4555.58,60.42,0.93,28.77,Copp
CUST0427,19,6.337296236748891,3440.8,73.39,0.67,10.28,Copp
CUST0428,23,9.925767462153395,8719.82,77.2,0.82,2.83,Copp
CUST0429,25,0.9877178007997744,926.9,97.57,0.01,56.87,Iron
CUST0430,16,8.047276607020212,2190.15,57.78,0.54,15.2,Copp
CUST0431,21,4.022707936999149,7549.44,34.82,0.46,15.16,Copp
CUST0432,13,2.5254909675138966,607.81,65.2,0.5,5.92,Iron
CUST0433,17,0.7061765505724636,4976.1,7.78,0.07,55.78,Iron
CUST0434,22,10.023368553021275,4476.86,89.84,0.68,35.2,Copp
CUST0435,13,0.8555623193815549,3410.57,12.82,0.5,40.36,Copp
CUST0436,18,1.8537813911121623,4006.27,33.46,0.77,54.78,Copp
CUST0437,23,1.712772202638604,5346.41,81.76,0.49,21.39,Copp
CUST0438,12,10.255788018501551,1697.54,60.13,0.15,37.67,Iron
CUST0439,22,5.584436228630647,5762.76,39.97,0.65,3.29,Copp
CUST0440,25,7.964905291553204,8073.78,47.87,0.17,12.02,Copp
CUST0441,20,1.4415306609661314,7625.59,85.6,0.87,50.04,Copp
CUST0442,25,4.902467874882831,1623.61,34.66,0.61,46.24,Copp
CUST0443,22,4.24019381061268,1577.57,87.1,0.16,21.69,Copp
CUST0444,17,8.943731370964587,2754.93,9.73,0.96,23.23,Copp
CUST0445,24,11.826935506050372,3674.64,77.9,0.52,32.48,Copp
CUST0446,23,0.061156347044856244,4143.71,84.91,0.07,1.01,Iron
CUST0447,22,5.60459500444768,6829.0,19.0,0.63,15.23,Copp
CUST0448,15,0.2661379202311137,661.14,43.6,0.25,13.29,Iron
CUST0449,26,3.979873036849448,443.26,17.38,0.8,15.78,Iron
CUST0450,25,1.69580835284943,3979.91,70.95,0.82,48.55,Copp
CUST0451,18,1.8320148226473094,7001.92,54.0,0.98,17.5,Copp
CUST0452,15,2.1767242483955855,2015.01,63.9,0.5,12.3,Copp
CUST0453,25,4.854955025691306,6450.89,20.45,0.45,30.75,Copp
CUST0454,22,2.03270317391417,2672.3,21.96,0.75,52.07,Copp
CUST0455,22,6.596900519963843,8872.25,5.11,0.13,15.24,Iron
CUST0456,24,2.591999393869146,8967.33,32.88,0.55,5.63,Copp
CUST0457,24,0.35400753206794394,3043.14,56.41,0.55,22.03,Copp
CUST0458,32,7.656828242916668,2376.94,85.94,0.09,45.11,Iron
CUST0459,23,1.6826694647585692,4171.91,67.03,0.42,33.49,Copp
CUST0460,17,2.8349245633047144,2481.26,44.1,0.85,49.19,Copp
CUST0461,18,5.782963935159129,6756.6,95.36,0.86,57.62,Copp
CUST0462,23,2.020751043452489,8278.04,72.21,0.1,47.77,Iron
CUST0463,24,0.29124851911949046,6763.61,93.09,0.09,36.62,Iron
CUST0464,20,2.3413939642607366,8261.07,53.23,0.26,30.11,Copp
CUST0465,22,14.452231245840162,4030.22,26.63,0.87,3.36,Copp
CUST0466,19,5.13240330335556,1647.54,6.23,0.13,59.07,Iron
CUST0467,15,5.565774843475207,7405.71,72.88,0.72,23.63,Copp
CUST0468,23,5.002196783680692,3668.7,13.01,0.1,9.98,Iron
CUST0469,12,1.109422589643863,6745.58,30.97,0.62,40.34,Copp
CUST0470,22,2.7092932275544612,2779.38,53.71,0.36,17.77,Copp
CUST0471,30,6.95030319049337,904.17,56.88,0.79,35.56,Iron
CUST0472,19,0.5344356102718182,9926.56,60.46,0.23,35.62,Copp
CUST0473,19,1.627631248216475,1646.39,17.46,0.64,27.3,Copp
CUST0474,19,1.61702370654051,9885.37,38.59,0.24,50.33,Copp
CUST0475,27,2.8283359202299048,9775.07,62.1,0.71,16.63,Copp
CUST0476,16,19.65316066639828,7958.8,97.01,0.87,27.47,Copp
CUST0477,22,0.3494442924806149,6628.29,73.04,0.13,32.72,Iron
CUST0478,26,3.6563328435297366,5820.29,92.34,0.87,40.15,Copp
CUST0479,33,0.9883823033775565,8674.41,76.46,0.59,47.25,Copp
CUST0480,24,17.646837926128867,2965.45,59.58,0.13,24.29,Iron
CUST0481,14,0.6012626257777125,4730.04,20.01,0.43,39.12,Copp
CUST0482,28,2.584226883898694,6231.96,67.0,0.16,9.89,Copp
CUST0483,24,6.694859411838541,4170.79,62.71,0.7,56.03,Copp
CUST0484,14,6.09635324351578,4332.12,60.64,0.76,23.6,Copp
CUST0485,22,2.747214115099548,3369.82,49.49,0.11,44.04,Iron
CUST0486,16,2.127248644659102,5685.89,53.34,0.51,2.2,Copp
CUST0487,11,2.5342707571706296,8520.69,34.11,0.81,13.11,Copp
CUST0488,17,1.5345029413501967,2095.13,52.41,0.94,29.74,Copp
CUST0489,17,1.1491602143566875,9350.89,20.56,0.51,52.82,Copp
CUST0490,18,3.298945959341901,6921.97,80.71,0.95,32.11,Copp
CUST0491,21,1.5635210297696756,8250.4,19.39,0.54,55.86,Copp
CUST0492,24,1.694607823168569,5606.29,9.41,0.39,29.54,Copp
CUST0493,20,5.3465694969159205,7817.22,44.19,0.85,29.94,Copp
CUST0494,14,17.294767846531578,260.38,66.17,0.49,8.07,Iron
CUST0495,22,4.627126634713337,8201.97,44.33,0.47,48.36,Copp
CUST0496,21,0.4005189942997255,497.37,28.4,0.49,15.57,Iron
CUST0497,18,0.39296337244275537,8910.14,56.26,0.85,54.08,Copp
CUST0498,13,15.12304828716215,9920.43,35.35,0.83,54.74,Copp
CUST0499,7,1.7640605735917971,3011.27,93.35,0.4,56.66,Copp
CUST0500,19,0.4829233816040338,2182.15,92.34,0.33,31.69,Copp
CUST0501,21,4.56952523879412,7677.1,50.73,0.49,40.95,Copp
CUST0502,24,4.886162356502919,2604.96,33.46,0.57,46.93,Copp
CUST0503,15,5.227796404115659,8669.07,73.98,0.24,8.73,Copp
CUST0504,22,1.5557909833478298,1118.14,4.63,0.79,36.46,Iron
CUST0505,23,0.07613006942445556,1346.96,48.0,0.49,3.02,Iron
CUST0506,18,16.764232206039814,9793.6,34.3,0.33,30.36,Copp
CUST0507,21,1.4443675475963291,6771.01,92.13,0.11,10.14,Iron
CUST0508,19,5.635464512230804,8484.18,2.19,0.24,11.79,Copp
CUST0509,20,6.13160112225038,3310.86,55.73,0.95,22.54,Copp
CUST0510,12,4.708137790959099,6797.19,74.33,0.31,26.51,Copp
CUST0511,16,1.876430992420446,5982.99,49.02,0.17,37.77,Copp
CUST0512,26,1.5810679551628297,6071.19,9.45,0.46,5.39,Copp
CUST0513,15,4.552391816101794,6857.07,97.27,0.31,30.72,Copp
CUST0514,22,10.053147087469952,5796.06,52.28,0.04,11.77,Iron
CUST0515,21,14.662259804712816,4347.72,61.8,0.32,34.86,Copp
CUST0516,16,0.5597207257871357,2831.63,24.42,0.54,38.61,Copp
CUST0517,12,0.841079234315485,7708.96,48.87,0.55,33.85,Copp
CUST0518,17,14.478191298494597,2340.1,43.49,0.36,44.56,Copp
CUST0519,23,6.669178069043613,6954.31,8.41,0.45,20.8,Copp
CUST0520,18,10.727642831722235,2409.99,11.51,0.97,46.14,Copp
CUST0521,26,1.1321988527499602,6290.77,83.91,0.38,26.53,Copp
CUST0522,19,4.428636336323545,7496.07,24.74,0.26,29.57,Copp
CUST0523,20,6.038893427855406,2265.27,20.3,0.24,39.24,Copp
CUST0524,27,5.6989199317458885,693.44,50.99,0.46,2.08,Iron
CUST0525,17,2.622524557519717,1396.64,77.11,0.76,39.59,Iron
CUST0526,27,0.07757311732207486,6099.37,7.13,0.21,37.5,Copp
CUST0527,22,4.372458755453356,8509.52,58.1,0.71,19.28,Copp
CUST0528,23,1.4591301618925725,545.47,12.8,0.02,6.06,Iron
CUST0529,15,2.9914968667385016,7368.1,4.61,0.42,6.37,Copp
CUST0530,34,15.800796297502718,3479.05,6.22,0.78,55.47,Copp
CUST0531,25,2.546095554848561,4837.43,83.58,0.34,41.67,Copp
CUST0532,19,9.156711367572209,9295.71,12.68,0.56,8.5,Copp
CUST0533,18,1.0446046558564828,3386.52,5.47,0.2,22.05,Copp
CUST0534,15,5.580733072314863,4706.84,44.35,0.74,35.96,Copp
CUST0535,33,18.86281737842832,235.46,84.56,0.05,50.3,Iron
CUST0536,22,0.5373308821031382,907.83,26.98,0.85,3.58,Iron
CUST0537,24,0.04177373062622429,2660.06,42.75,0.2,14.96,Copp
CUST0538,33,2.8421217841253443,375.74,4.95,0.87,53.5,Iron
CUST0539,16,0.48599997869304995,6350.62,45.46,0.35,1.54,Copp
CUST0540,15,6.899262764478805,4321.34,58.18,0.72,12.88,Copp
CUST0541,18,12.29904116448158,5526.64,57.52,0.32,57.58,Copp
CUST0542,19,2.8459912786061885,1829.01,33.91,0.91,37.19,Copp
CUST0543,22,1.4968279124765962,3029.73,32.24,0.13,16.44,Iron
CUST0544,15,2.849370162666727,6671.86,11.56,0.18,4.95,Copp
CUST0545,22,6.426778759780297,9656.5,37.31,0.49,2.66,Copp
CUST0546,21,0.04547699803614305,599.13,10.85,0.08,15.44,Iron
CUST0547,16,4.45133636144739,8914.8,76.89,0.2,53.01,Copp
CUST0548,17,4.7504228892607285,5811.12,96.66,0.94,25.54,Copp
CUST0549,20,5.076251206765839,5682.8,97.04,0.98,43.5,Copp
CUST0550,9,1.3855051151320081,5052.76,86.64,0.38,55.18,Copp
CUST0551,19,6.259739163161683,787.0,60.48,0.92,25.07,Iron
CUST0552,17,0.47920477802918,989.78,70.39,0.54,12.29,Iron
CUST0553,9,1.111159437946992,6049.03,29.24,0.27,31.51,Copp
CUST0554,19,10.496998808902605,3475.49,63.45,0.7,54.58,Copp
CUST0555,20,6.710873543226646,9180.95,46.11,0.66,48.46,Copp
CUST0556,14,0.06920449429463241,4125.25,48.72,0.99,4.88,Copp
CUST0557,17,1.4275971324184038,1518.49,76.02,0.27,41.86,Copp
CUST0558,16,1.2065788712923633,7175.72,28.91,0.67,34.74,Copp
CUST0559,33,1.579079571346389,3004.2,32.49,0.05,54.54,Iron
CUST0560,22,1.4221685722856123,5302.16,92.54,0.11,8.23,Iron
CUST0561,26,0.3228328516165735,7008.54,6.57,0.0,32.51,Iron
CUST0562,29,3.0711302767106776,9012.61,49.08,1.0,52.89,Copp
CUST0563,20,6.597544483496352,7942.69,91.37,0.8,25.19,Copp
CUST0564,26,4.666316328474586,6795.97,61.43,0.79,29.44,Copp
CUST0565,23,5.587013671515734,6828.37,55.09,0.51,5.16,Copp
CUST0566,16,0.42315748414097476,9464.65,25.72,0.3,17.41,Copp
CUST0567,18,15.129999783170069,3028.66,34.98,0.15,20.15,Iron
CUST0568,13,9.115997865791446,111.01,85.35,0.28,56.76,Iron
CUST0569,21,8.176094997440988,2792.35,56.36,0.38,17.68,Copp
CUST0570,26,8.657570268273654,2257.12,51.96,0.76,28.19,Copp
CUST0571,18,13.493755965981919,6652.16,10.86,0.54,40.61,Copp
CUST0572,24,3.9290978392501765,6373.74,2.59,0.08,10.57,Iron
CUST0573,24,1.1174806789967353,5975.27,96.4,0.02,29.7,Iron
CUST0574,25,4.795777283987891,260.81,38.32,0.1,44.57,Iron
CUST0575,21,6.791090931174177,7314.9,60.72,0.41,52.14,Copp
CUST0576,18,6.695477661867003,3302.95,8.89,0.93,37.95,Copp
CUST0577,19,3.684962705983576,6684.05,68.63,0.64,40.47,Copp
CUST0578,18,0.35457386793518536,5610.13,93.32,0.8,8.45,Copp
CUST0579,16,2.319017953781472,3493.04,57.99,0.47,56.8,Copp
CUST0580,16,12.676787293516332,1432.31,13.49,0.36,8.82,Iron
CUST0581,21,4.390748556865408,1034.75,58.59,0.11,46.71,Iron
CUST0582,22,3.864545690174431,8332.03,76.87,0.88,16.62,Copp
CUST0583,18,1.5657072429293193,9192.14,41.24,0.78,56.08,Copp
CUST0584,20,2.297882267765736,6532.9,88.1,0.17,43.48,Copp
CUST0585,18,11.28548230029503,1124.0,65.22,0.51,45.48,Iron
CUST0586,21,5.490008088730326,4080.07,90.03,0.49,13.92,Copp
CUST0587,21,7.741408965374802,7316.5,62.73,0.63,27.14,Copp
CUST0588,31,3.0288457321064928,7820.23,14.0,0.95,37.45,Copp
CUST0589,15,4.974603286775109,1270.36,31.66,0.58,46.43,Iron
CUST0590,18,1.4276460159816908,100.3,20.98,0.54,7.13,Iron
CUST0591,20,6.111716403019921,7150.16,90.97,0.05,57.78,Iron
CUST0592,17,2.7895978066118117,3630.3,76.28,0.06,53.52,Iron
CUST0593,24,2.921872099519876,2619.37,67.96,0.19,16.95,Copp
CUST0594,17,5.239438905266018,227.68,30.8,0.03,49.54,Iron
CUST0595,23,13.766332735548692,5448.96,19.22,0.74,31.58,Copp
CUST0596,19,0.3307329154614954,8526.39,75.89,0.72,28.25,Copp
CUST0597,15,8.70751582603576,9580.55,47.94,0.14,19.55,Iron
CUST0598,15,1.729262240730678,5700.88,23.35,0.84,35.28,Copp
CUST0599,23,2.9342106461394817,5193.17,62.05,0.15,44.06,Iron
CUST0600,21,0.11078495994734697,942.06,4.99,0.3,25.25,Iron
CUST0601,32,1.790852292848194,5533.84,33.29,0.25,38.12,Copp
CUST0602,24,3.4921178073381465,3861.79,47.39,0.37,42.26,Copp
CUST0603,30,0.28907826423977495,6110.64,15.65,0.25,42.96,Copp
CUST0604,16,3.377476767819873,3948.39,98.48,0.49,4.07,Copp
CUST0605,21,13.094062255622891,2478.96,21.7,0.41,51.73,Copp
CUST0606,18,0.5568550354541228,1040.16,13.9,0.99,28.04,Iron
CUST0607,24,7.228963558694006,3217.69,21.15,0.06,16.48,Iron
CUST0608,25,2.6353768039866257,1056.78,77.14,0.14,15.26,Iron
CUST0609,22,5.323572545600616,1851.28,43.13,0.05,29.5,Iron
CUST0610,22,1.5071243545728261,9874.63,56.98,0.63,53.32,Copp
CUST0611,21,0.8687456019759164,4496.63,3.08,0.05,23.32,Iron
CUST0612,16,0.8745213506410947,5365.53,4.41,0.84,45.23,Copp
CUST0613,21,0.3654990330033584,8748.82,45.14,0.51,6.71,Copp
CUST0614,16,1.0268049183884456,9956.13,81.85,0.53,29.09,Copp
CUST0615,21,5.456486318931661,5868.87,88.64,0.56,59.51,Copp
CUST0616,23,10.672260761290975,8143.49,9.58,0.17,46.46,Copp
CUST0617,19,8.413422813307038,3336.72,54.3,0.2,13.42,Copp
CUST0618,14,5.778045558182285,3126.87,91.41,0.32,30.59,Copp
CUST0619,23,0.5850958690531574,4086.77,39.41,0.59,14.78,Copp
CUST0620,17,1.7067326074221483,6757.82,83.13,0.21,25.16,Copp
CUST0621,15,1.8539191485798179,6853.7,14.24,0.12,47.02,Iron
CUST0622,16,1.4381233464810095,3220.87,93.6,0.97,46.5,Copp
CUST0623,12,3.618090288086634,1418.78,75.39,0.02,14.46,Iron
CUST0624,12,3.83454791469922,6360.72,94.19,0.8,55.41,Copp
CUST0625,16,2.207166189586289,1370.43,67.99,0.79,35.96,Iron
CUST0626,26,2.183147243924161,5827.08,36.98,0.3,23.42,Copp
CUST0627,20,8.817481254885438,6964.88,93.88,0.14,30.61,Iron
CUST0628,18,7.786430081345391,7036.05,28.28,0.15,36.7,Iron
CUST0629,21,1.8393716297835185,7559.37,33.89,0.7,34.03,Copp
CUST0630,19,12.254755242514166,8741.31,70.38,0.64,29.7,Copp
CUST0631,15,15.268397969230026,5049.59,76.77,0.78,30.79,Copp
CUST0632,16,1.978137348938951,7329.47,93.01,0.94,11.41,Copp
CUST0633,13,2.1880690356209325,6229.81,21.28,0.69,48.95,Copp
CUST0634,24,3.5223972788543008,1947.74,80.0,0.16,32.96,Copp
CUST0635,22,14.161338022406763,354.33,74.12,0.24,8.73,Iron
CUST0636,28,10.450265554463936,2916.96,7.32,0.84,46.2,Copp
CUST0637,19,0.5410894290702714,4486.03,39.34,0.21,56.01,Copp
CUST0638,20,2.4939150011702385,6209.35,28.99,0.07,56.89,Iron
CUST0639,20,4.030137157340868,8514.6,31.14,0.7,22.77,Copp
CUST0640,13,3.4971591639203408,2042.83,98.31,0.4,9.0,Copp
CUST0641,14,1.0775083000408872,1342.94,64.63,0.92,31.59,Iron
CUST0642,24,9.788483684779266,9638.45,72.05,0.65,7.64,Copp
CUST0643,17,5.649598190940283,1169.64,97.69,0.09,56.11,Iron
CUST0644,13,9.097967581497205,4837.06,38.34,0.95,11.83,Copp
CUST0645,21,9.786625034027141,5897.08,80.38,0.26,15.91,Copp
CUST0646,19,6.898696535848757,5459.61,44.02,0.34,24.99,Copp
CUST0647,21,2.892049236190386,951.72,87.08,0.4,23.61,Iron
CUST0648,28,4.715057297135249,664.57,18.89,0.05,47.89,Iron
CUST0649,14,0.873942445366517,1144.29,94.82,0.5,27.92,Iron
CUST0650,18,5.598854061247785,5897.32,22.66,0.12,11.08,Iron
CUST0651,24,0.9877034469695107,5489.01,33.3,0.4,16.77,Copp
CUST0652,12,5.920027268512381,2414.03,75.86,0.35,31.04,Copp
CUST0653,15,1.3042151555503232,6413.96,39.98,0.77,9.7,Copp
CUST0654,22,0.6252731117308141,8218.67,61.21,0.8,37.09,Copp
CUST0655,28,0.9033215947152424,511.63,45.01,0.15,34.38,Iron
CUST0656,21,0.00997061079855313,5031.49,74.49,0.37,43.17,Copp
CUST0657,15,6.34237205923132,6924.17,23.6,0.37,56.32,Copp
CUST0658,19,6.591329354919006,2597.89,6.79,0.15,54.82,Iron
CUST0659,18,3.6173448731352558,3146.93,30.69,0.8,56.82,Copp
CUST0660,32,0.8798854342037745,6175.02,47.96,0.71,15.44,Copp
CUST0661,17,0.43626250762010454,8989.56,17.63,0.19,8.76,Copp
CUST0662,19,0.09657146158574832,8118.25,36.12,0.37,18.83,Copp
CUST0663,22,0.9060998805753395,5872.99,40.6,0.11,53.81,Iron
CUST0664,22,11.075414535748173,7329.2,6.68,0.63,58.35,Copp
CUST0665,15,1.3823052658091772,3711.74,58.75,0.12,51.7,Iron
CUST0666,24,2.186879373005469,6445.56,88.55,0.99,7.49,Copp
CUST0667,11,0.5565882570548336,4715.2,16.02,0.78,56.9,Copp
CUST0668,14,1.2574663233084151,1980.37,60.18,0.39,25.98,Copp
CUST0669,17,3.661775005095822,7047.21,66.81,0.58,1.55,Copp
CUST0670,23,4.679313638308699,5609.0,42.51,0.91,27.1,Copp
CUST0671,25,1.4075213996189349,3650.35,70.41,0.55,3.72,Copp
CUST0672,17,0.2973285639384077,9122.26,41.66,0.17,33.09,Copp
CUST0673,20,2.479954925116879,307.25,50.96,0.38,20.97,Iron
CUST0674,19,1.3341932089252793,3226.15,1.73,0.84,28.93,Copp
CUST0675,18,1.2394481473601149,663.13,69.48,0.64,37.18,Iron
CUST0676,24,16.077258807530036,7688.62,66.47,0.65,52.26,Copp
CUST0677,19,4.789477740754984,7050.86,4.8,0.87,40.05,Copp
CUST0678,24,4.069555759654726,3380.39,37.46,0.89,26.61,Copp
CUST0679,20,2.6873463678898757,6789.06,97.92,0.92,49.35,Copp
CUST0680,31,2.8013429223173603,4019.78,42.65,0.09,54.43,Iron
CUST0681,13,3.8924906350990818,7586.91,50.69,0.54,8.07,Copp
CUST0682,19,5.960712084619026,4596.42,91.08,0.74,32.38,Copp
CUST0683,13,6.055760841675229,4181.57,72.01,0.76,17.79,Copp
CUST0684,15,0.9418625811311385,9353.83,58.62,0.61,3.78,Copp
CUST0685,23,3.4668635507154195,2583.7,79.98,0.17,40.44,Copp
CUST0686,18,2.6547853333703615,1292.43,86.57,0.8,51.9,Iron
CUST0687,19,10.221413266333093,5886.98,46.23,0.72,10.61,Copp
CUST0688,24,4.99047283861855,9696.29,48.04,0.09,48.93,Iron
CUST0689,23,3.801823142536145,3840.61,39.22,0.46,51.35,Copp
CUST0690,19,0.6130682839680344,714.16,96.7,0.17,54.95,Iron
CUST0691,22,4.6524286456636785,3459.12,70.02,0.34,16.65,Copp
CUST0692,11,0.6233051440267388,5108.72,9.24,0.02,54.33,Iron
CUST0693,15,2.0564595718436522,1703.04,86.43,0.4,19.92,Copp
CUST0694,20,0.7706648613371263,6615.21,48.58,0.55,33.59,Copp
CUST0695,9,5.889473191581443,9977.72,7.81,0.62,3.98,Copp
CUST0696,23,1.1549469593972321,4572.22,55.42,0.66,3.59,Copp
CUST0697,12,2.4867456483084243,3611.81,42.3,0.84,43.5,Copp
CUST0698,18,11.30121060443565,4066.97,87.9,0.22,27.22,Copp
CUST0699,18,1.1427681936507676,1239.95,21.2,0.12,16.12,Iron
CUST0700,22,3.544402147474845,8844.41,82.82,0.85,12.23,Copp
CUST0701,15,2.717361033171202,4206.77,56.21,0.16,40.53,Copp
CUST0702,22,0.09145146658282576,3934.02,6.41,0.97,1.02,Copp
CUST0703,17,7.869343172279621,6630.93,97.21,0.84,48.55,Copp
CUST0704,17,0.35772655764686,4476.13,51.75,0.5,5.68,Copp
CUST0705,22,3.214695072837621,6517.51,29.8,0.98,12.3,Copp
CUST0706,16,4.112616604663264,708.32,47.47,0.1,23.79,Iron
CUST0707,21,4.950042355320459,8155.86,85.93,0.3,29.61,Copp
CUST0708,22,5.833892980285947,9410.99,31.19,0.64,21.94,Copp
CUST0709,24,1.4602739846099724,6522.78,20.07,0.35,19.92,Copp
CUST0710,21,0.05014449182274021,9550.2,13.78,0.93,57.87,Copp
CUST0711,25,6.426703629946992,1599.18,30.49,0.07,38.85,Iron
CUST0712,14,3.8356545643634714,4826.42,78.22,0.55,2.38,Copp
CUST0713,28,9.043034056564426,6057.89,47.69,0.59,26.38,Copp
CUST0714,18,8.612707276657229,5859.19,23.52,0.65,52.63,Copp
CUST0715,19,9.267945682339606,4074.47,17.45,0.26,18.79,Copp
CUST0716,29,3.318861004991347,3447.04,33.94,0.36,6.58,Copp
CUST0717,14,2.029538999184942,1355.56,94.05,0.84,45.74,Iron
CUST0718,26,7.8404771291596465,3978.25,34.96,0.19,36.75,Copp
CUST0719,17,3.000963530161353,1710.34,98.82,0.83,34.65,Copp
CUST0720,28,1.0132878735771451,7370.22,49.04,0.56,4.16,Copp
CUST0721,24,9.654211885867282,2167.43,18.74,0.76,9.29,Copp
CUST0722,25,10.70913332417349,679.8,89.22,0.71,37.73,Iron
CUST0723,24,3.1396983800225375,5568.42,46.58,0.21,13.26,Copp
CUST0724,15,0.39359144843978927,5992.77,71.26,0.57,30.74,Copp
CUST0725,9,2.4536943501757476,8731.94,98.39,0.87,33.15,Copp
CUST0726,14,8.136422586247193,5812.12,5.97,0.43,17.73,Copp
CUST0727,25,11.602423117498834,3520.26,10.57,0.97,56.96,Copp
CUST0728,20,1.1374696431004256,8049.82,72.33,0.45,50.71,Copp
CUST0729,23,0.34660897801817364,5448.76,28.9,0.14,43.62,Iron
CUST0730,21,10.492121014020714,884.87,19.25,0.39,5.6,Iron
CUST0731,17,2.4666064372231298,5701.92,4.9,0.95,7.26,Copp
CUST0732,22,3.9018215946856776,9089.38,3.16,0.32,30.07,Copp
CUST0733,15,17.220390602646056,4023.49,77.67,0.87,10.48,Copp
CUST0734,13,0.3444182867956367,3033.63,14.31,0.88,58.72,Copp
CUST0735,24,5.225139709923749,1520.35,47.3,0.35,10.35,Copp
CUST0736,21,0.3849744904506248,1599.31,60.98,0.08,29.76,Iron
CUST0737,21,2.3537709819860084,4384.44,43.41,0.72,22.48,Copp
CUST0738,18,8.14347434561074,5997.23,3.68,0.31,38.72,Copp
CUST0739,21,2.8411459213976,898.09,78.57,0.78,8.61,Iron
CUST0740,24,29.359267299804664,9401.73,2.04,0.44,26.39,Copp
CUST0741,23,4.094224227788536,7575.82,76.43,0.49,17.21,Copp
CUST0742,31,1.9368649544732373,5907.58,89.44,0.78,53.38,Copp
CUST0743,18,1.24302047501835,8301.54,43.85,0.38,3.39,Copp
CUST0744,17,2.1579202945019085,893.85,54.02,0.44,54.91,Iron
CUST0745,19,2.330323176468781,4820.7,48.22,0.38,50.15,Copp
CUST0746,26,0.35594253131322523,6337.92,39.53,0.37,18.56,Copp
CUST0747,18,2.306799069853607,8303.66,88.86,0.53,47.57,Copp
CUST0748,23,3.1203310823324064,7856.35,89.5,0.81,2.84,Copp
CUST0749,22,6.413957389264605,2842.99,34.25,0.36,58.05,Copp
CUST0750,24,5.34618234187654,9414.71,61.89,0.52,32.07,Copp
CUST0751,21,6.1681351370333335,1331.02,92.76,0.67,18.89,Iron
CUST0752,22,0.04199426856058394,8763.82,96.24,0.27,22.39,Copp
CUST0753,21,1.227376543151715,9712.31,51.39,0.28,4.92,Copp
CUST0754,21,5.418878807356186,1853.82,45.83,0.93,59.37,Copp
CUST0755,22,3.3081395470501223,7248.45,28.59,0.72,3.32,Copp
CUST0756,17,0.026638211927366016,498.83,95.93,0.58,39.64,Iron
CUST0757,20,8.160837477457024,4113.69,15.14,0.65,27.12,Copp
CUST0758,11,7.409833644919387,5211.2,58.4,0.03,56.99,Iron
CUST0759,24,3.975004405811174,5848.39,28.97,0.62,15.51,Copp
CUST0760,24,0.3438751498821395,9365.78,28.62,0.51,32.39,Copp
CUST0761,19,7.273188279549895,6755.28,41.09,0.55,29.46,Copp
CUST0762,18,4.38190882295859,4864.65,99.88,0.36,42.47,Copp
CUST0763,13,7.615383210126404,8115.78,6.44,0.08,5.01,Iron
CUST0764,21,6.966534304535216,9510.27,58.28,0.19,12.43,Copp
CUST0765,22,8.122810339259654,318.45,9.17,0.95,13.66,Iron
CUST0766,22,3.6491395017543886,9826.96,16.3,0.41,44.55,Copp
CUST0767,14,0.7560015384221204,952.71,44.52,0.47,12.16,Iron
CUST0768,25,5.560881426470513,8162.43,51.54,0.05,34.84,Iron
CUST0769,21,4.844158034676422,2875.31,26.62,0.04,13.7,Iron
CUST0770,15,6.778887608141981,1408.58,32.33,0.72,51.84,Iron
CUST0771,18,0.9309311113175609,4454.57,9.61,0.54,56.59,Copp
CUST0772,17,1.0844109723041844,6475.17,31.02,0.51,31.59,Copp
CUST0773,17,11.055023720907293,3871.42,96.69,0.24,21.79,Copp
CUST0774,19,6.9310277943560505,640.2,94.53,0.74,14.81,Iron
CUST0775,14,11.942266819727802,6034.67,34.15,0.17,3.94,Copp
CUST0776,23,7.108889013113904,9033.79,57.51,0.19,16.84,Copp
CUST0777,19,4.546020829885577,3893.83,91.05,0.46,39.6,Copp
CUST0778,24,5.308501052794627,2241.69,1.61,0.29,32.48,Copp
CUST0779,21,10.996891050998268,4481.52,81.26,0.25,56.7,Copp
CUST0780,24,4.323317676020178,578.79,94.89,0.65,24.38,Iron
CUST0781,31,5.003681439657029,8222.83,10.04,0.65,41.94,Copp
CUST0782,11,0.8508388667527144,8280.77,16.98,0.82,29.87,Copp
CUST0783,17,3.211521529083448,5921.2,96.11,0.42,31.24,Copp
CUST0784,27,6.300901504357142,3595.72,54.22,0.07,16.8,Iron
CUST0785,17,1.5800147346499278,8017.86,2.41,0.27,27.84,Copp
CUST0786,19,1.1298262711589633,5591.4,26.51,0.98,28.78,Copp
CUST0787,11,1.8831260848764964,8276.73,45.54,0.6,42.69,Copp
CUST0788,7,1.3820665406717283,6351.44,69.6,0.71,56.5,Copp
CUST0789,27,1.2098013849627498,7865.61,73.58,0.01,20.43,Iron
CUST0790,20,2.765629340582181,6025.77,99.55,0.52,3.49,Copp
CUST0791,18,11.921064783844441,4200.0,29.46,0.04,30.28,Iron
CUST0792,29,3.5368354977931604,9583.66,54.28,0.57,33.12,Copp
CUST0793,19,1.0407844522212926,5457.03,53.8,0.92,10.94,Copp
CUST0794,16,0.40047675444223196,6090.39,41.16,0.97,45.87,Copp
CUST0795,15,5.956206724269233,2282.83,17.75,0.54,59.11,Copp
CUST0796,21,2.4128007830491347,6293.94,97.77,0.46,56.8,Copp
CUST0797,14,8.625112205608028,5758.92,85.48,0.95,12.63,Copp
CUST0798,16,5.386858899283821,1929.9,50.33,0.67,52.65,Copp
CUST0799,25,7.954097836041615,689.91,60.72,0.06,42.57,Iron
CUST0800,20,1.5869005592718597,6083.16,23.5,0.47,27.78,Copp
CUST0801,12,5.894107541012077,7660.55,54.83,0.24,32.9,Copp
CUST0802,21,1.5330469106684042,5281.67,69.8,0.47,51.13,Copp
CUST0803,19,13.99002329675527,2345.05,52.0,0.46,29.33,Copp
CUST0804,25,5.058150931618789,6698.57,99.04,0.58,23.02,Copp
CUST0805,19,1.9615979526792973,893.05,61.52,0.36,30.1,Iron
CUST0806,22,1.570211432581741,4474.15,37.73,0.16,35.17,Copp
CUST0807,11,1.0593280914634784,1717.33,77.44,0.5,12.16,Copp
CUST0808,24,5.931335053787402,1926.14,17.88,0.83,54.15,Copp
CUST0809,16,1.234080317687602,2102.71,39.07,0.66,40.78,Copp
CUST0810,15,4.523086485645732,3928.4,35.35,0.34,38.36,Copp
CUST0811,24,1.536941705045495,606.39,43.75,0.94,6.87,Iron
CUST0812,16,5.423087542058411,4038.16,78.4,0.91,36.65,Copp
CUST0813,16,8.435368576448173,5165.9,48.93,0.21,8.14,Copp
CUST0814,19,7.525958057169422,4884.61,79.61,0.04,5.64,Iron
CUST0815,20,7.153349370632601,3889.56,58.07,0.74,32.11,Copp
CUST0816,13,1.0395656616596674,8407.55,34.86,0.83,24.76,Copp
CUST0817,25,0.462687345025399,1538.73,81.19,0.97,35.74,Copp
CUST0818,16,6.002375118285905,5106.4,24.59,0.89,6.26,Copp
CUST0819,17,2.297077123598895,714.21,23.21,0.6,26.43,Iron
CUST0820,21,2.831217998206428,804.44,50.95,0.53,11.31,Iron
CUST0821,24,0.15822270730651902,5781.27,26.82,0.03,59.24,Iron
CUST0822,27,1.5026644533912372,5703.58,1.9,0.25,34.11,Copp
CUST0823,15,0.1712825761378989,8792.53,65.18,0.46,41.56,Copp
CUST0824,24,10.567506119683948,5622.95,51.6,0.63,20.2,Copp
CUST0825,14,1.394580914974728,9601.93,45.11,0.56,6.59,Copp
CUST0826,22,4.074734519277519,582.08,96.73,0.74,58.58,Iron
CUST0827,19,0.19879675840272978,1070.28,57.55,0.28,17.89,Iron
CUST0828,24,5.495773048072541,536.25,86.48,0.56,26.0,Iron
CUST0829,22,1.950621997161652,1934.24,14.81,0.09,39.34,Iron
CUST0830,26,11.409952473304836,5458.57,57.35,0.41,2.46,Copp
CUST0831,15,10.951561116018706,6491.16,86.93,0.75,48.81,Copp
CUST0832,21,1.9673661327106797,551.29,58.73,0.69,32.66,Iron
CUST0833,25,11.561202569055897,9465.11,72.08,0.99,17.41,Copp
CUST0834,23,27.808386180741863,8437.44,37.83,0.28,4.63,Copp
CUST0835,20,8.726736769711309,3036.46,10.15,0.5,10.59,Copp
CUST0836,19,9.317502459260151,864.16,46.33,0.33,53.81,Iron
CUST0837,20,1.431806299604674,1781.88,40.05,0.44,41.48,Copp
CUST0838,18,4.298398992553327,1356.75,86.84,0.86,15.74,Iron
CUST0839,13,0.3481220362865055,1320.51,25.16,0.68,4.87,Iron
CUST0840,14,0.49864830924027337,5233.76,96.71,0.88,41.75,Copp
CUST0841,19,34.02875609944641,2533.89,95.86,0.2,34.77,Copp
CUST0842,22,1.9773702970479465,3645.58,25.52,0.87,24.87,Copp
CUST0843,18,6.89528133814556,9896.1,35.46,0.06,22.45,Iron
CUST0844,22,8.216655588657973,6874.71,89.66,0.89,13.79,Copp
CUST0845,22,9.760460575716627,9494.91,96.7,0.33,40.51,Copp
CUST0846,23,30.22073593021617,1511.31,44.9,0.31,58.27,Copp
CUST0847,16,1.3820392319829855,3883.18,32.78,0.51,11.37,Copp
CUST0848,17,0.2059375297847147,5591.84,53.08,0.94,36.23,Copp
CUST0849,23,2.6482715304569138,859.9,69.09,0.05,26.03,Iron
CUST0850,17,0.6967739778697819,141.46,28.07,0.35,27.35,Iron
CUST0851,24,0.11340586641273957,6737.3,73.91,0.86,15.99,Copp
CUST0852,17,2.2347712126266646,6454.01,6.11,0.4,49.68,Copp
CUST0853,22,7.656329021790304,4166.81,5.88,0.2,29.63,Copp
CUST0854,13,4.17563585401623,4947.48,39.24,0.42,33.06,Copp
CUST0855,19,1.875489395772082,4212.89,35.99,0.39,18.98,Copp
CUST0856,21,5.311527239748333,337.65,32.25,0.92,11.73,Iron
CUST0857,36,1.3199460919587747,3420.18,49.61,0.76,6.07,Copp
CUST0858,19,0.07242930686019672,1853.11,32.75,0.51,43.13,Copp
CUST0859,17,7.227109981674551,1074.4,20.03,0.99,12.58,Iron
CUST0860,17,4.88741541994483,9571.53,31.64,0.47,41.71,Copp
CUST0861,23,7.183784729547108,6033.66,97.52,0.06,24.03,Iron
CUST0862,25,0.19858186663832364,7313.7,41.7,0.26,25.53,Copp
CUST0863,26,9.073696303464502,3222.1,45.03,0.44,28.68,Copp
CUST0864,23,4.8316898045698,3992.16,58.08,0.16,22.69,Copp
CUST0865,13,4.143635930371261,2445.55,98.35,0.95,6.94,Copp
CUST0866,17,4.899002886260929,1059.96,24.92,0.77,19.27,Iron
CUST0867,17,9.991455584666099,1872.41,68.45,0.27,40.16,Copp
CUST0868,23,4.420769803459724,7995.39,71.88,0.59,40.28,Copp
CUST0869,22,4.348829704919095,6807.7,61.13,0.72,17.89,Copp
CUST0870,27,23.37751105393526,5514.6,9.77,0.94,28.15,Copp
CUST0871,12,7.067920140598498,4803.39,68.01,0.88,12.41,Copp
CUST0872,24,2.919614941672946,9232.1,7.35,0.52,13.41,Copp
CUST0873,25,6.144692688281089,820.08,60.02,0.77,2.36,Iron
CUST0874,21,2.4651779752405427,2877.95,74.22,0.56,53.91,Copp
CUST0875,22,1.2995269560208722,3564.38,21.89,0.55,13.43,Copp
CUST0876,26,4.542256167094156,7846.02,84.32,0.11,14.42,Iron
CUST0877,20,13.168107520581172,9925.89,4.01,0.13,17.5,Iron
CUST0878,17,13.235212029327808,2482.64,84.54,0.53,8.52,Copp
CUST0879,24,2.092032018851315,8755.64,46.57,0.27,38.72,Copp
CUST0880,27,3.750465962435363,8323.17,22.54,0.02,5.43,Iron
CUST0881,21,1.1889761909378165,2324.11,14.24,0.72,8.92,Copp
CUST0882,21,27.16623096007408,4053.39,95.38,0.03,39.04,Iron
CUST0883,16,19.84770656162156,4155.76,8.19,0.6,21.04,Copp
CUST0884,13,5.2421002494304805,9784.38,20.71,0.54,42.77,Copp
CUST0885,20,8.158777018532883,1890.83,35.43,0.97,33.89,Copp
CUST0886,30,6.27808801792394,8011.66,62.4,0.48,16.11,Copp
CUST0887,23,4.496654568445091,3408.51,54.94,0.06,39.4,Iron
CUST0888,22,0.2741186319598373,7335.62,13.44,0.55,7.86,Copp
CUST0889,16,3.0326858939522596,4258.11,29.68,0.84,32.65,Copp
CUST0890,20,5.616363904695659,5825.76,24.64,1.0,26.79,Copp
CUST0891,14,5.658750875488164,8342.86,22.14,0.43,16.8,Copp
CUST0892,20,2.3350216057317392,8061.24,41.7,0.32,36.64,Copp
CUST0893,21,14.21007872475774,8677.59,70.7,0.91,52.41,Copp
CUST0894,16,0.9157516941152922,690.21,22.53,0.19,59.94,Iron
CUST0895,16,3.469331657590699,6951.3,37.3,0.62,36.86,Copp
CUST0896,13,5.870192960707369,1485.88,39.7,0.41,24.88,Iron
CUST0897,24,5.972353891048593,4216.6,97.67,0.04,14.29,Iron
CUST0898,20,5.229704854910359,5531.03,95.51,0.35,16.17,Copp
CUST0899,28,1.609906194807168,4087.12,80.21,0.27,29.29,Copp
CUST0900,13,0.8492378198547863,5244.16,24.92,0.69,22.67,Copp
CUST0901,14,5.0521874374619475,9965.61,7.74,0.95,54.92,Copp
CUST0902,20,4.572737712303205,1438.65,32.37,0.27,22.73,Iron
CUST0903,20,0.9883294682328686,6787.01,27.41,0.81,23.03,Copp
CUST0904,17,6.106258569092443,4020.41,51.09,0.06,23.63,Iron
CUST0905,19,3.0364255764388965,1416.8,78.0,0.54,50.36,Iron
CUST0906,27,5.509497301556076,1671.49,85.97,0.07,39.4,Iron
CUST0907,21,9.081298204613951,9497.8,84.64,0.93,37.24,Copp
CUST0908,25,0.930012186111506,8808.05,36.61,0.77,20.71,Copp
CUST0909,22,0.09665252060320517,9079.72,69.04,0.66,49.26,Copp
CUST0910,17,7.55028438535453,9916.17,31.97,0.82,3.26,Copp
CUST0911,21,4.704165038596199,2162.32,7.03,0.65,52.38,Copp
CUST0912,14,6.013860454390006,3618.85,70.45,0.97,31.25,Copp
CUST0913,19,9.105580186750542,6725.27,1.97,0.71,24.5,Copp
CUST0914,14,8.117961443897677,4889.65,41.51,0.92,30.33,Copp
CUST0915,24,16.210741057540957,4242.06,33.61,0.52,40.38,Copp
CUST0916,12,3.838654101381316,3642.33,69.64,0.12,1.75,Iron
CUST0917,29,3.3519957766380086,5978.43,76.86,0.53,52.42,Copp
CUST0918,22,2.5698795693722025,5798.37,31.11,0.13,27.36,Iron
CUST0919,21,0.8343539423031892,1698.43,81.35,0.59,21.24,Copp
CUST0920,21,4.250259296105759,4770.22,30.1,0.48,9.16,Copp
CUST0921,23,1.6218168984630423,5579.37,45.19,0.62,26.93,Copp
CUST0922,27,12.711037909505007,5745.84,72.97,0.01,30.28,Iron
CUST0923,20,4.375633630557236,2180.06,69.6,0.19,24.82,Copp
CUST0924,17,4.492747468663413,7448.49,98.75,0.49,41.04,Copp
CUST0925,21,2.19194082082837,349.47,23.29,0.95,25.83,Iron
CUST0926,14,0.2669477234958443,3612.84,66.57,0.38,57.72,Copp
CUST0927,18,0.16129260770302406,7824.11,61.36,0.42,36.36,Copp
CUST0928,22,2.752470101567029,5682.54,91.59,0.71,48.64,Copp
CUST0929,23,0.44178164933378405,2685.51,16.48,0.6,7.45,Copp
CUST0930,22,4.667781584065128,6980.04,75.43,0.3,24.44,Copp
CUST0931,17,10.64202484115725,5717.17,57.26,0.41,20.87,Copp
CUST0932,19,10.724267725759072,7982.81,28.19,0.22,34.6,Copp
CUST0933,27,5.380029890547041,7376.75,47.97,0.97,51.81,Copp
CUST0934,17,1.1864141540467563,6140.07,34.04,0.13,5.62,Iron
CUST0935,18,9.938756123270604,4932.96,58.35,0.37,5.28,Copp
CUST0936,23,10.86188387330262,1418.5,89.01,0.03,51.17,Iron
CUST0937,18,1.0948462850360547,2687.2,57.36,0.22,13.56,Copp
CUST0938,19,6.686113292848202,4249.08,63.54,0.78,40.46,Copp
CUST0939,26,1.6880012053853386,6033.06,52.36,0.2,33.03,Copp
CUST0940,15,8.113636947089958,5185.71,6.07,0.08,50.14,Iron
CUST0941,22,29.458819920511765,2953.03,24.05,0.47,8.38,Copp
CUST0942,18,0.15243008731011756,164.0,49.71,0.01,8.66,Iron
CUST0943,19,11.382923547395158,5012.77,31.71,0.08,33.85,Iron
CUST0944,22,4.8726527722878155,2927.7,18.99,0.81,56.84,Copp
CUST0945,18,18.130954308603386,7372.62,50.91,0.77,25.48,Copp
CUST0946,23,3.1275316100669692,337.07,32.96,0.92,20.29,Iron
CUST0947,20,9.399280356643363,5889.8,26.55,0.85,36.79,Copp
CUST0948,18,0.32212767012842175,9420.59,46.93,0.68,55.9,Copp
CUST0949,15,2.0419397528551704,1826.65,14.2,0.05,50.38,Iron
CUST0950,24,0.3468390182076232,4769.33,92.85,0.78,59.73,Copp
CUST0951,17,18.513499282987343,1005.08,86.9,0.85,2.33,Iron
CUST0952,17,8.490632765453647,6294.25,71.05,0.8,7.66,Copp
CUST0953,21,9.5712432743357,5550.26,11.52,0.51,36.96,Copp
CUST0954,31,13.900301338964836,4132.92,77.81,0.23,49.41,Copp
CUST0955,18,0.4447215984366044,5261.63,80.99,0.85,17.83,Copp
CUST0956,20,2.435525893605109,8976.09,77.01,0.73,15.11,Copp
CUST0957,21,0.36842048178420517,2043.31,12.28,0.98,47.43,Copp
CUST0958,19,1.1836338190250637,323.39,64.75,0.16,4.33,Iron
CUST0959,17,1.3027071848820395,8630.48,83.6,0.23,22.79,Copp
CUST0960,11,3.1659759108498404,5813.46,58.16,0.21,30.84,Copp
CUST0961,21,1.5637152419979117,8917.52,64.99,0.79,34.06,Copp
CUST0962,21,0.5322394599515666,6009.76,46.38,0.19,43.99,Copp
CUST0963,19,0.9165567669698085,8120.59,53.34,0.07,21.94,Iron
CUST0964,20,0.7965941795647717,4353.77,4.4,1.0,37.15,Copp
CUST0965,22,18.073834164996214,7523.61,64.26,0.02,35.54,Iron
CUST0966,22,7.1208640215077725,9139.11,9.06,0.84,33.31,Copp
CUST0967,19,17.172964055921454,5764.02,44.07,0.37,38.79,Copp
CUST0968,20,2.896775928236257,1889.77,29.97,0.84,16.31,Copp
CUST0969,27,1.631203163910938,2761.1,55.0,0.55,5.99,Copp
CUST0970,20,8.00470053659235,2066.58,14.21,0.9,8.04,Copp
CUST0971,14,1.9745098602513413,2543.88,69.47,0.93,14.25,Copp
CUST0972,14,1.7789721849606435,3133.51,79.71,0.01,30.51,Iron
CUST0973,17,1.3231230349408831,5595.82,17.17,0.08,50.59,Iron
CUST0974,29,0.6944657242346085,5921.12,11.33,0.25,42.38,Copp
CUST0975,20,1.481684158781171,4322.35,15.41,0.67,47.55,Copp
CUST0976,21,2.1950040958558246,6192.67,87.84,0.89,21.71,Copp
CUST0977,17,5.604200656745553,907.59,53.29,0.46,24.87,Iron
CUST0978,24,0.3230384428183206,969.1,47.26,0.61,24.23,Iron
CUST0979,20,1.1818211763742075,1801.11,11.56,0.19,12.32,Copp
CUST0980,21,8.278028148781994,5228.97,65.31,0.8,4.61,Copp
CUST0981,16,0.7945210206221643,2218.55,86.93,0.97,35.86,Copp
CUST0982,25,2.0976564723377953,2904.52,82.99,0.27,59.36,Copp
CUST0983,19,9.99978591018371,4063.1,62.98,0.49,10.84,Copp
CUST0984,23,0.8416513317584938,8137.47,8.45,0.09,3.75,Iron
CUST0985,23,0.4318043191951981,237.24,12.13,0.56,46.99,Iron
CUST0986,17,3.3134584176867077,6528.85,5.88,0.5,15.9,Copp
CUST0987,24,1.8006868796389461,6721.88,26.49,0.14,49.95,Iron
CUST0988,22,4.143784966406359,8006.69,14.43,0.44,42.53,Copp
CUST0989,17,8.143228290865643,9334.25,26.74,0.33,56.79,Copp
CUST0990,23,0.7375633156735949,299.36,39.12,0.52,25.13,Iron
CUST0991,23,4.3458322076818146,1622.46,94.36,0.59,40.06,Copp
CUST0992,22,3.521129218640965,8873.1,61.43,0.01,28.43,Iron
CUST0993,25,0.7778847340567875,4639.33,83.66,0.76,38.2,Copp
CUST0994,13,4.890810538759516,5689.45,71.32,0.71,27.53,Copp
CUST0995,12,1.598550472856222,6663.97,12.14,0.37,12.13,Copp
CUST0996,19,3.345535548474945,6822.76,73.86,0.05,30.97,Iron
CUST0997,18,0.4292729095505401,9324.23,28.23,0.75,32.19,Copp
CUST0998,20,3.0770808575299577,9969.8,64.27,0.96,48.83,Copp
CUST0999,12,1.8297568147735686,7229.56,34.76,0.24,44.4,Copp
CUST1000,24,8.640578305722409,2943.49,99.77,0.32,40.16,Copp
